{
  "version": "2",
  "$schema": "https://schemas.wp.org/trunk/theme.json",
  "settings": {
    "appearanceTools": false,
    "border": {
      "color": false,
      "radius": false,
      "style": false,
      "width": false
    },
    "color": {
      "background": false,
      "custom": false,
      "customDuotone": false,
      "customGradient": false,
      "defaultGradients": false,
      "defaultPalette": false,
      "duotone": [],
      "gradients": [],
      "link": false,
      "palette": [],
      "text": false
    },
    "custom": {
      "spacing": {
        "small": "max(1.25rem, 5vw)",
        "medium": "clamp(2rem, 8vw, calc(4 * var(--wp--style--block-gap)))",
        "large": "clamp(4rem, 10vw, 8rem)",
        "outer": "var(--wp--custom--spacing--small, 1.25rem)"
      },
      "typography": {
        "fontSize": {
          "gigantic": "clamp(3rem, 6vw, 4rem)",
          "colossal": "clamp(4rem, 8vw, 6.25rem)"
        },
        "lineHeight": {
          "tiny": 1.15,
          "small": 1.2,
          "medium": 1.4,
          "normal": 1.6
        }
      }
    },
    "layout": {
      "contentSize": "800px",
      "wideSize": "1400px"
    },
    "spacing": {
      "blockGap": null,
      "margin": false,
      "padding": false,
      "units": [
        "px",
        "em",
        "rem",
        "vh",
        "vw"
      ]
    },
    "typography": {
      "customFontSize": false,
      "dropCap": false,
      "fontFamilies": [],
      "fontSizes": [],
      "fontStyle": false,
      "fontWeight": false,
      "letterSpacing": false,
      "lineHeight": false,
      "textDecoration": false,
      "textTransform": false
    }
  },
  "styles": {
    "border": {
      "color": "",
      "radius": "",
      "style": "",
      "width": ""
    },
    "color": {
      "background": "",
      "gradient": "",
      "text": ""
    },
    "filter": {
      "duotone": ""
    },
    "spacing": {
      "blockGap": "",
      "margin": {
        "top": "",
        "right": "",
        "bottom": "",
        "left": ""
      },
      "padding": {
        "top": "",
        "right": "",
        "bottom": "",
        "left": ""
      }
    },
    "typography": {
      "fontFamily": "",
      "fontSize": "",
      "fontStyle": "",
      "fontWeight": "",
      "letterSpacing": "",
      "lineHeight": "",
      "textDecoration": "",
      "textTransform": ""
    },
    "elements": {
      "link": {
        "border": {},
        "color": {},
        "spacing": {},
        "typography": {}
      },
      "h1": {},
      "h2": {},
      "h3": {},
      "h4": {},
      "h5": {},
      "h6": {}
    }
  },
  "customTemplates": [],
  "templateParts": []
}
